-- 示例对照品库数据（SQLite / MySQL 兼容语法）
-- 来源：《对照品数据库20220402.xlsx》安神镇定类 9 种药物
-- 用法：在 drug_categories 已初始化后执行

-- 删除旧示例数据（避免重复导入时冲突）
DELETE FROM drug_area_constants WHERE drug_id BETWEEN 1001 AND 1009;
DELETE FROM reference_spectra WHERE drug_id BETWEEN 1001 AND 1009;
DELETE FROM reference_peaks WHERE drug_id BETWEEN 1001 AND 1009;
DELETE FROM drugs WHERE id BETWEEN 1001 AND 1009;

-- 插入药物（category_id = 1 为安神镇定类）
INSERT INTO drugs (id, category_id, name, cas, molecular_formula, description, peak_count, status, created_at, updated_at)
VALUES
  (1001, 1, '咪达唑仑', '59467-70-8', 'C18H13ClFN3', '安神镇定类对照品', 1, 1, CURRENT_TIMESTAMP, CURRENT_TIMESTAMP),
  (1002, 1, '苯巴比妥', '50-06-6', 'C12H12N2O3', '安神镇定类对照品', 1, 1, CURRENT_TIMESTAMP, CURRENT_TIMESTAMP),
  (1003, 1, '盐酸氯丙嗪', '69-09-0', 'C17H19ClN2S·HCl', '安神镇定类对照品/标准参照物', 1, 1, CURRENT_TIMESTAMP, CURRENT_TIMESTAMP),
  (1004, 1, '艾司唑仑', '29975-16-4', 'C16H11ClN4', '安神镇定类对照品', 1, 1, CURRENT_TIMESTAMP, CURRENT_TIMESTAMP),
  (1005, 1, '奥沙西泮', '604-75-1', 'C15H11ClN2O2', '安神镇定类对照品', 1, 1, CURRENT_TIMESTAMP, CURRENT_TIMESTAMP),
  (1006, 1, '阿普唑仑', '28981-97-7', 'C17H13ClN4', '安神镇定类对照品', 1, 1, CURRENT_TIMESTAMP, CURRENT_TIMESTAMP),
  (1007, 1, '三唑仑', '28911-01-5', 'C17H12Cl2N4', '安神镇定类对照品', 1, 1, CURRENT_TIMESTAMP, CURRENT_TIMESTAMP),
  (1008, 1, '氯硝西泮', '1622-61-3', 'C15H10ClN3O3', '安神镇定类对照品', 1, 1, CURRENT_TIMESTAMP, CURRENT_TIMESTAMP),
  (1009, 1, '地西泮', '439-14-5', 'C16H13ClN2O', '安神镇定类对照品', 1, 1, CURRENT_TIMESTAMP, CURRENT_TIMESTAMP);

-- 设置安神镇定类的标准参照物为盐酸氯丙嗪（id=1003）
UPDATE drug_categories SET reference_drug_id = 1003 WHERE code = 1;

-- 插入参考峰（保留时间、相对保留时间，以盐酸氯丙嗪为参照）
INSERT INTO reference_peaks (drug_id, peak_index, retention_time, relative_retention_time, area_ratio, wavelength, is_main_peak, created_at, updated_at)
VALUES
  (1001, 1, 6.256, 0.481675, 1.000000, 250.00, 1, CURRENT_TIMESTAMP, CURRENT_TIMESTAMP),
  (1002, 1, 10.821, 0.833154, 1.000000, 250.00, 1, CURRENT_TIMESTAMP, CURRENT_TIMESTAMP),
  (1003, 1, 12.988, 1.000000, 1.000000, 250.00, 1, CURRENT_TIMESTAMP, CURRENT_TIMESTAMP),
  (1004, 1, 16.865, 1.298506, 1.000000, 250.00, 1, CURRENT_TIMESTAMP, CURRENT_TIMESTAMP),
  (1005, 1, 17.434, 1.342316, 1.000000, 250.00, 1, CURRENT_TIMESTAMP, CURRENT_TIMESTAMP),
  (1006, 1, 17.995, 1.385510, 1.000000, 250.00, 1, CURRENT_TIMESTAMP, CURRENT_TIMESTAMP),
  (1007, 1, 19.532, 1.503850, 1.000000, 250.00, 1, CURRENT_TIMESTAMP, CURRENT_TIMESTAMP),
  (1008, 1, 20.114, 1.548660, 1.000000, 250.00, 1, CURRENT_TIMESTAMP, CURRENT_TIMESTAMP),
  (1009, 1, 24.133, 1.858100, 1.000000, 250.00, 1, CURRENT_TIMESTAMP, CURRENT_TIMESTAMP);

-- 插入紫外最大吸收波长（lambda max）
INSERT INTO reference_spectra (drug_id, wavelength, absorbance, is_max, created_at)
VALUES
  (1001, 227.5, 1.0, 1, CURRENT_TIMESTAMP),
  (1002, 222.7, 1.0, 1, CURRENT_TIMESTAMP),
  (1003, 255.8, 1.0, 1, CURRENT_TIMESTAMP),
  (1003, 308.1, 0.8, 1, CURRENT_TIMESTAMP),
  (1004, 225.1, 1.0, 1, CURRENT_TIMESTAMP),
  (1005, 228.6, 1.0, 1, CURRENT_TIMESTAMP),
  (1005, 312.9, 0.8, 1, CURRENT_TIMESTAMP),
  (1006, 223.9, 1.0, 1, CURRENT_TIMESTAMP),
  (1007, 225.1, 1.0, 1, CURRENT_TIMESTAMP),
  (1008, 220.4, 1.0, 1, CURRENT_TIMESTAMP),
  (1008, 310.5, 0.8, 1, CURRENT_TIMESTAMP),
  (1009, 231.0, 1.0, 1, CURRENT_TIMESTAMP),
  (1009, 360.1, 0.8, 1, CURRENT_TIMESTAMP);

-- 插入峰面积常数（245/250/255/260 nm）及相对于 250nm 的比值
INSERT INTO drug_area_constants (drug_id, wavelength, area, ratio_to_250, created_at, updated_at)
VALUES
  (1001, 245, 1595667, 1.137300, CURRENT_TIMESTAMP, CURRENT_TIMESTAMP),
  (1001, 250, 1403031, 1.000000, CURRENT_TIMESTAMP, CURRENT_TIMESTAMP),
  (1001, 255, 1138550, 0.811493, CURRENT_TIMESTAMP, CURRENT_TIMESTAMP),
  (1001, 260, 813884, 0.580090, CURRENT_TIMESTAMP, CURRENT_TIMESTAMP),
  (1002, 245, 1441107, 1.464776, CURRENT_TIMESTAMP, CURRENT_TIMESTAMP),
  (1002, 250, 983841, 1.000000, CURRENT_TIMESTAMP, CURRENT_TIMESTAMP),
  (1002, 255, 729551, 0.741533, CURRENT_TIMESTAMP, CURRENT_TIMESTAMP),
  (1002, 260, 626377, 0.636665, CURRENT_TIMESTAMP, CURRENT_TIMESTAMP),
  (1003, 245, 3010872, 0.745123, CURRENT_TIMESTAMP, CURRENT_TIMESTAMP),
  (1003, 250, 4040773, 1.000000, CURRENT_TIMESTAMP, CURRENT_TIMESTAMP),
  (1003, 255, 4726452, 1.169690, CURRENT_TIMESTAMP, CURRENT_TIMESTAMP),
  (1003, 260, 3678992, 0.910467, CURRENT_TIMESTAMP, CURRENT_TIMESTAMP),
  (1004, 245, 1547526, 1.122084, CURRENT_TIMESTAMP, CURRENT_TIMESTAMP),
  (1004, 250, 1379153, 1.000000, CURRENT_TIMESTAMP, CURRENT_TIMESTAMP),
  (1004, 255, 1032442, 0.748606, CURRENT_TIMESTAMP, CURRENT_TIMESTAMP),
  (1004, 260, 720495, 0.522418, CURRENT_TIMESTAMP, CURRENT_TIMESTAMP),
  (1005, 245, 2064921, 1.137115, CURRENT_TIMESTAMP, CURRENT_TIMESTAMP),
  (1005, 250, 1815930, 1.000000, CURRENT_TIMESTAMP, CURRENT_TIMESTAMP),
  (1005, 255, 1540065, 0.848086, CURRENT_TIMESTAMP, CURRENT_TIMESTAMP),
  (1005, 260, 1151876, 0.634317, CURRENT_TIMESTAMP, CURRENT_TIMESTAMP),
  (1006, 245, 1177304, 1.127474, CURRENT_TIMESTAMP, CURRENT_TIMESTAMP),
  (1006, 250, 1044196, 1.000000, CURRENT_TIMESTAMP, CURRENT_TIMESTAMP),
  (1006, 255, 805899, 0.771789, CURRENT_TIMESTAMP, CURRENT_TIMESTAMP),
  (1006, 260, 596511, 0.571263, CURRENT_TIMESTAMP, CURRENT_TIMESTAMP),
  (1007, 245, 1568987, 1.215237, CURRENT_TIMESTAMP, CURRENT_TIMESTAMP),
  (1007, 250, 1291095, 1.000000, CURRENT_TIMESTAMP, CURRENT_TIMESTAMP),
  (1007, 255, 951835, 0.737231, CURRENT_TIMESTAMP, CURRENT_TIMESTAMP),
  (1007, 260, 633825, 0.490920, CURRENT_TIMESTAMP, CURRENT_TIMESTAMP),
  (1008, 245, 1407669, 1.022351, CURRENT_TIMESTAMP, CURRENT_TIMESTAMP),
  (1008, 250, 1376894, 1.000000, CURRENT_TIMESTAMP, CURRENT_TIMESTAMP),
  (1008, 255, 1313144, 0.953700, CURRENT_TIMESTAMP, CURRENT_TIMESTAMP),
  (1008, 260, 1193772, 0.867004, CURRENT_TIMESTAMP, CURRENT_TIMESTAMP),
  (1009, 245, 3087279, 1.154744, CURRENT_TIMESTAMP, CURRENT_TIMESTAMP),
  (1009, 250, 2673562, 1.000000, CURRENT_TIMESTAMP, CURRENT_TIMESTAMP),
  (1009, 255, 2175960, 0.813881, CURRENT_TIMESTAMP, CURRENT_TIMESTAMP),
  (1009, 260, 1720816, 0.643642, CURRENT_TIMESTAMP, CURRENT_TIMESTAMP);
