time,absorbance
0.0000,0.1191
0.0100,0.0700
0.0200,0.0912
0.0300,0.1054
0.0400,0.0743
0.0500,0.1150
0.0600,0.0842
0.0700,0.0769
0.0800,0.1070
0.0900,0.0836
0.1000,0.1157
0.1100,0.1173
0.1200,0.0942
0.1300,0.1460
0.1400,0.0987
0.1501,0.0936
0.1601,0.0871
0.1701,0.0924
0.1801,0.0834
0.1901,0.0987
0.2001,0.1236
0.2101,0.0731
0.2201,0.1023
0.2301,0.1200
0.2401,0.0645
0.2501,0.1220
0.2601,0.1221
0.2701,0.0913
0.2801,0.1151
0.2901,0.1005
0.3001,0.0646
0.3101,0.1216
0.3201,0.1221
0.3301,0.1299
0.3401,0.1141
0.3501,0.1278
0.3601,0.1083
0.3701,0.0956
0.3801,0.0962
0.3901,0.0808
0.4001,0.0737
0.4101,0.1328
0.4201,0.1085
0.4301,0.0811
0.4401,0.1021
0.4502,0.0951
0.4602,0.1118
0.4702,0.0955
0.4802,0.0829
0.4902,0.1111
0.5002,0.0952
0.5102,0.0660
0.5202,0.0794
0.5302,0.1251
0.5402,0.0903
0.5502,0.1142
0.5602,0.1106
0.5702,0.0763
0.5802,0.0630
0.5902,0.0773
0.6002,0.0853
0.6102,0.1145
0.6202,0.0939
0.6302,0.1004
0.6402,0.1062
0.6502,0.1173
0.6602,0.0780
0.6702,0.1155
0.6802,0.1264
0.6902,0.0912
0.7002,0.1049
0.7102,0.0953
0.7202,0.0678
0.7302,0.1138
0.7402,0.1128
0.7503,0.1253
0.7603,0.1197
0.7703,0.1065
0.7803,0.0968
0.7903,0.0654
0.8003,0.0811
0.8103,0.1158
0.8203,0.1175
0.8303,0.1201
0.8403,0.1107
0.8503,0.1407
0.8603,0.1067
0.8703,0.1223
0.8803,0.1056
0.8903,0.1174
0.9003,0.1131
0.9103,0.1156
0.9203,0.0919
0.9303,0.0868
0.9403,0.0746
0.9503,0.0803
0.9603,0.1055
0.9703,0.1481
0.9803,0.0796
0.9903,0.1144
1.0003,0.0722
1.0103,0.0975
1.0203,0.1378
1.0303,0.1089
1.0403,0.0806
1.0504,0.0794
1.0604,0.1065
1.0704,0.0914
1.0804,0.0865
1.0904,0.0990
1.1004,0.0934
1.1104,0.0823
1.1204,0.1019
1.1304,0.1061
1.1404,0.1147
1.1504,0.1071
1.1604,0.1047
1.1704,0.1063
1.1804,0.1082
1.1904,0.0964
1.2004,0.1013
1.2104,0.1040
1.2204,0.0668
1.2304,0.1254
1.2404,0.0545
1.2504,0.1162
1.2604,0.0959
1.2704,0.0723
1.2804,0.0685
1.2904,0.1386
1.3004,0.0909
1.3104,0.0910
1.3204,0.0863
1.3304,0.1211
1.3404,0.1253
1.3505,0.0539
1.3605,0.1013
1.3705,0.0882
1.3805,0.1100
1.3905,0.0809
1.4005,0.1389
1.4105,0.0854
1.4205,0.0691
1.4305,0.0916
1.4405,0.0929
1.4505,0.0950
1.4605,0.1013
1.4705,0.0850
1.4805,0.0882
1.4905,0.0630
1.5005,0.0807
1.5105,0.1452
1.5205,0.1232
1.5305,0.1207
1.5405,0.1006
1.5505,0.0901
1.5605,0.1062
1.5705,0.0794
1.5805,0.1293
1.5905,0.1144
1.6005,0.1229
1.6105,0.1008
1.6205,0.1044
1.6305,0.1020
1.6405,0.1210
1.6506,0.0799
1.6606,0.0719
1.6706,0.0540
1.6806,0.0960
1.6906,0.0991
1.7006,0.1008
1.7106,0.1200
1.7206,0.1063
1.7306,0.1128
1.7406,0.1152
1.7506,0.0553
1.7606,0.1117
1.7706,0.0859
1.7806,0.1174
1.7906,0.0689
1.8006,0.0908
1.8106,0.1306
1.8206,0.0932
1.8306,0.0945
1.8406,0.0872
1.8506,0.1222
1.8606,0.0994
1.8706,0.0937
1.8806,0.0820
1.8906,0.1318
1.9006,0.1137
1.9106,0.0839
1.9206,0.0876
1.9306,0.0961
1.9406,0.0924
1.9507,0.1111
1.9607,0.0972
1.9707,0.1022
1.9807,0.0956
1.9907,0.1046
2.0007,0.1103
2.0107,0.1032
2.0207,0.0860
2.0307,0.0999
2.0407,0.0835
2.0507,0.1092
2.0607,0.0803
2.0707,0.1492
2.0807,0.1095
2.0907,0.0842
2.1007,0.0993
2.1107,0.0911
2.1207,0.0717
2.1307,0.0500
2.1407,0.0584
2.1507,0.0798
2.1607,0.0850
2.1707,0.1050
2.1807,0.1321
2.1907,0.1143
2.2007,0.0633
2.2107,0.0910
2.2207,0.0638
2.2307,0.1002
2.2407,0.1335
2.2508,0.1267
2.2608,0.0788
2.2708,0.1094
2.2808,0.0930
2.2908,0.1300
2.3008,0.1422
2.3108,0.1214
2.3208,0.1141
2.3308,0.1245
2.3408,0.1791
2.3508,0.1160
2.3608,0.0986
2.3708,0.0741
2.3808,0.0830
2.3908,0.0872
2.4008,0.0902
2.4108,0.1258
2.4208,0.1128
2.4308,0.0990
2.4408,0.0573
2.4508,0.0880
2.4608,0.1365
2.4708,0.1111
2.4808,0.1143
2.4908,0.0983
2.5008,0.0892
2.5108,0.0783
2.5208,0.0642
2.5308,0.1232
2.5408,0.1002
2.5509,0.0843
2.5609,0.1210
2.5709,0.0938
2.5809,0.1142
2.5909,0.0964
2.6009,0.0936
2.6109,0.1124
2.6209,0.0970
2.6309,0.0941
2.6409,0.1137
2.6509,0.1139
2.6609,0.0632
2.6709,0.1235
2.6809,0.1041
2.6909,0.0906
2.7009,0.1092
2.7109,0.1061
2.7209,0.0500
2.7309,0.0915
2.7409,0.0730
2.7509,0.0823
2.7609,0.1081
2.7709,0.0958
2.7809,0.1121
2.7909,0.1079
2.8009,0.1036
2.8109,0.0910
2.8209,0.1164
2.8309,0.1010
2.8409,0.0958
2.8510,0.1211
2.8610,0.0956
2.8710,0.1037
2.8810,0.0701
2.8910,0.1307
2.9010,0.0852
2.9110,0.0780
2.9210,0.1339
2.9310,0.1044
2.9410,0.0764
2.9510,0.0873
2.9610,0.1053
2.9710,0.0978
2.9810,0.1107
2.9910,0.0833
3.0010,0.0992
3.0110,0.0972
3.0210,0.0854
3.0310,0.1079
3.0410,0.1265
3.0510,0.0875
3.0610,0.0948
3.0710,0.0965
3.0810,0.1002
3.0910,0.0832
3.1010,0.0885
3.1110,0.1048
3.1210,0.0859
3.1310,0.1082
3.1410,0.1203
3.1511,0.0952
3.1611,0.0833
3.1711,0.1005
3.1811,0.0940
3.1911,0.1085
3.2011,0.1065
3.2111,0.0729
3.2211,0.1020
3.2311,0.1135
3.2411,0.1139
3.2511,0.1252
3.2611,0.1108
3.2711,0.1088
3.2811,0.0979
3.2911,0.0705
3.3011,0.1024
3.3111,0.0968
3.3211,0.1626
3.3311,0.1182
3.3411,0.1191
3.3511,0.1013
3.3611,0.0872
3.3711,0.1209
3.3811,0.1209
3.3911,0.1268
3.4011,0.0911
3.4111,0.0821
3.4211,0.1356
3.4311,0.0686
3.4411,0.0896
3.4512,0.0910
3.4612,0.0823
3.4712,0.0857
3.4812,0.1191
3.4912,0.1020
3.5012,0.0802
3.5112,0.0975
3.5212,0.0870
3.5312,0.1101
3.5412,0.1050
3.5512,0.1187
3.5612,0.0930
3.5712,0.0952
3.5812,0.0911
3.5912,0.0780
3.6012,0.0832
3.6112,0.0952
3.6212,0.1020
3.6312,0.0735
3.6412,0.1176
3.6512,0.1488
3.6612,0.1261
3.6712,0.0806
3.6812,0.1319
3.6912,0.0780
3.7012,0.1065
3.7112,0.0624
3.7212,0.1430
3.7312,0.1213
3.7412,0.1026
3.7513,0.1151
3.7613,0.0803
3.7713,0.0620
3.7813,0.1029
3.7913,0.1052
3.8013,0.1244
3.8113,0.0998
3.8213,0.1052
3.8313,0.0777
3.8413,0.0807
3.8513,0.0938
3.8613,0.0500
3.8713,0.0969
3.8813,0.0798
3.8913,0.1071
3.9013,0.0910
3.9113,0.0986
3.9213,0.1051
3.9313,0.1178
3.9413,0.1321
3.9513,0.1089
3.9613,0.0985
3.9713,0.1038
3.9813,0.0728
3.9913,0.0865
4.0013,0.1048
4.0113,0.0604
4.0213,0.0812
4.0313,0.0958
4.0413,0.1376
4.0514,0.1336
4.0614,0.1052
4.0714,0.0915
4.0814,0.1090
4.0914,0.0863
4.1014,0.1195
4.1114,0.0974
4.1214,0.0577
4.1314,0.0946
4.1414,0.1015
4.1514,0.0861
4.1614,0.1073
4.1714,0.1311
4.1814,0.0880
4.1914,0.1012
4.2014,0.1128
4.2114,0.0958
4.2214,0.0982
4.2314,0.0976
4.2414,0.0987
4.2514,0.0628
4.2614,0.0824
4.2714,0.1290
4.2814,0.0968
4.2914,0.1091
4.3014,0.1290
4.3114,0.1380
4.3214,0.1098
4.3314,0.1125
4.3414,0.0896
4.3515,0.0771
4.3615,0.0934
4.3715,0.0874
4.3815,0.0771
4.3915,0.1328
4.4015,0.0900
4.4115,0.0612
4.4215,0.1011
4.4315,0.1307
4.4415,0.1029
4.4515,0.0865
4.4615,0.0845
4.4715,0.0830
4.4815,0.1173
4.4915,0.1037
4.5015,0.0616
4.5115,0.0890
4.5215,0.1056
4.5315,0.0778
4.5415,0.0766
4.5515,0.1176
4.5615,0.0500
4.5715,0.0880
4.5815,0.0896
4.5915,0.1224
4.6015,0.0500
4.6115,0.1204
4.6215,0.0838
4.6315,0.1130
4.6415,0.0889
4.6516,0.1408
4.6616,0.1126
4.6716,0.0644
4.6816,0.1094
4.6916,0.0956
4.7016,0.0794
4.7116,0.0819
4.7216,0.1262
4.7316,0.0880
4.7416,0.1125
4.7516,0.0818
4.7616,0.0536
4.7716,0.1039
4.7816,0.0593
4.7916,0.1479
4.8016,0.0971
4.8116,0.1252
4.8216,0.1100
4.8316,0.1032
4.8416,0.0873
4.8516,0.1482
4.8616,0.0790
4.8716,0.1138
4.8816,0.1052
4.8916,0.0702
4.9016,0.1125
4.9116,0.0687
4.9216,0.0696
4.9316,0.1033
4.9416,0.1225
4.9517,0.0828
4.9617,0.1243
4.9717,0.0611
4.9817,0.0824
4.9917,0.1326
5.0017,0.0946
5.0117,0.0919
5.0217,0.1221
5.0317,0.1316
5.0417,0.1087
5.0517,0.0806
5.0617,0.1026
5.0717,0.0835
5.0817,0.1066
5.0917,0.1125
5.1017,0.1100
5.1117,0.0997
5.1217,0.1091
5.1317,0.0835
5.1417,0.1336
5.1517,0.0857
5.1617,0.0952
5.1717,0.0691
5.1817,0.0692
5.1917,0.0872
5.2017,0.0792
5.2117,0.0830
5.2217,0.0940
5.2317,0.0907
5.2417,0.0898
5.2518,0.1070
5.2618,0.0795
5.2718,0.0853
5.2818,0.0917
5.2918,0.1227
5.3018,0.1225
5.3118,0.1522
5.3218,0.1058
5.3318,0.0990
5.3418,0.1166
5.3518,0.1057
5.3618,0.1413
5.3718,0.1007
5.3818,0.0983
5.3918,0.1138
5.4018,0.0958
5.4118,0.1079
5.4218,0.0820
5.4318,0.1158
5.4418,0.0907
5.4518,0.0893
5.4618,0.0986
5.4718,0.0864
5.4818,0.0923
5.4918,0.1112
5.5018,0.0732
5.5118,0.0887
5.5218,0.1026
5.5318,0.0853
5.5418,0.1412
5.5519,0.0973
5.5619,0.1165
5.5719,0.0924
5.5819,0.1092
5.5919,0.1075
5.6019,0.0850
5.6119,0.1191
5.6219,0.1084
5.6319,0.0675
5.6419,0.0865
5.6519,0.0876
5.6619,0.0921
5.6719,0.0780
5.6819,0.1062
5.6919,0.1066
5.7019,0.0926
5.7119,0.1106
5.7219,0.0917
5.7319,0.0847
5.7419,0.1147
5.7519,0.1259
5.7619,0.0769
5.7719,0.0790
5.7819,0.1000
5.7919,0.0718
5.8019,0.1457
5.8119,0.0802
5.8219,0.0904
5.8319,0.1006
5.8419,0.0992
5.8520,0.0688
5.8620,0.1485
5.8720,0.0980
5.8820,0.1055
5.8920,0.1190
5.9020,0.0981
5.9120,0.1161
5.9220,0.0970
5.9320,0.1076
5.9420,0.0961
5.9520,0.1106
5.9620,0.0891
5.9720,0.1630
5.9820,0.0777
5.9920,0.1118
6.0020,0.0590
6.0120,0.0500
6.0220,0.1080
6.0320,0.0850
6.0420,0.0938
6.0520,0.1012
6.0620,0.1125
6.0720,0.0672
6.0820,0.1048
6.0920,0.1271
6.1020,0.0810
6.1120,0.0826
6.1220,0.0939
6.1320,0.0906
6.1420,0.0870
6.1521,0.0967
6.1621,0.0899
6.1721,0.0850
6.1821,0.0937
6.1921,0.1270
6.2021,0.0659
6.2121,0.1412
6.2221,0.0837
6.2321,0.1011
6.2421,0.1008
6.2521,0.0949
6.2621,0.0785
6.2721,0.0852
6.2821,0.1112
6.2921,0.0554
6.3021,0.0689
6.3121,0.1450
6.3221,0.0972
6.3321,0.0933
6.3421,0.0951
6.3521,0.1125
6.3621,0.1012
6.3721,0.0845
6.3821,0.0967
6.3921,0.0500
6.4021,0.0908
6.4121,0.1263
6.4221,0.0971
6.4321,0.1192
6.4421,0.1604
6.4522,0.0796
6.4622,0.1090
6.4722,0.0806
6.4822,0.0999
6.4922,0.0912
6.5022,0.0871
6.5122,0.0941
6.5222,0.0903
6.5322,0.0785
6.5422,0.0745
6.5522,0.0695
6.5622,0.0517
6.5722,0.0860
6.5822,0.1097
6.5922,0.1177
6.6022,0.1206
6.6122,0.0535
6.6222,0.0719
6.6322,0.1150
6.6422,0.0901
6.6522,0.1142
6.6622,0.1374
6.6722,0.1281
6.6822,0.0982
6.6922,0.1012
6.7022,0.1143
6.7122,0.1170
6.7222,0.0771
6.7322,0.0999
6.7422,0.1127
6.7523,0.0855
6.7623,0.0760
6.7723,0.0817
6.7823,0.0872
6.7923,0.1100
6.8023,0.0849
6.8123,0.0848
6.8223,0.0718
6.8323,0.0914
6.8423,0.1089
6.8523,0.0921
6.8623,0.1332
6.8723,0.1214
6.8823,0.0867
6.8923,0.1104
6.9023,0.0643
6.9123,0.1232
6.9223,0.1117
6.9323,0.0778
6.9423,0.0952
6.9523,0.1060
6.9623,0.1419
6.9723,0.0615
6.9823,0.1290
6.9923,0.0989
7.0023,0.0760
7.0123,0.1321
7.0223,0.0879
7.0323,0.1190
7.0423,0.0756
7.0524,0.1103
7.0624,0.1273
7.0724,0.1216
7.0824,0.0878
7.0924,0.0853
7.1024,0.0920
7.1124,0.0963
7.1224,0.0932
7.1324,0.0897
7.1424,0.0678
7.1524,0.0759
7.1624,0.1037
7.1724,0.1211
7.1824,0.0632
7.1924,0.1071
7.2024,0.0735
7.2124,0.0737
7.2224,0.0738
7.2324,0.0924
7.2424,0.1191
7.2524,0.1187
7.2624,0.1019
7.2724,0.1095
7.2824,0.1118
7.2924,0.0841
7.3024,0.0914
7.3124,0.1053
7.3224,0.0781
7.3324,0.1149
7.3424,0.1184
7.3525,0.0703
7.3625,0.0726
7.3725,0.1308
7.3825,0.0871
7.3925,0.0931
7.4025,0.1145
7.4125,0.1032
7.4225,0.0866
7.4325,0.1240
7.4425,0.0931
7.4525,0.1263
7.4625,0.1248
7.4725,0.0913
7.4825,0.0695
7.4925,0.0900
7.5025,0.1208
7.5125,0.0987
7.5225,0.0948
7.5325,0.0857
7.5425,0.1107
7.5525,0.0834
7.5625,0.0929
7.5725,0.0929
7.5825,0.0958
7.5925,0.1215
7.6025,0.0751
7.6125,0.1124
7.6225,0.1045
7.6325,0.0945
7.6425,0.1105
7.6526,0.1054
7.6626,0.1421
7.6726,0.1108
7.6826,0.0996
7.6926,0.0635
7.7026,0.1148
7.7126,0.0500
7.7226,0.1123
7.7326,0.0777
7.7426,0.1009
7.7526,0.0874
7.7626,0.0912
7.7726,0.1283
7.7826,0.1118
7.7926,0.1133
7.8026,0.0904
7.8126,0.1321
7.8226,0.1043
7.8326,0.0983
7.8426,0.0500
7.8526,0.1258
7.8626,0.1148
7.8726,0.0955
7.8826,0.1058
7.8926,0.0715
7.9026,0.0660
7.9126,0.0945
7.9226,0.0642
7.9326,0.1085
7.9426,0.0926
7.9527,0.0833
7.9627,0.0500
7.9727,0.1239
7.9827,0.1025
7.9927,0.1351
8.0027,0.1362
8.0127,0.1090
8.0227,0.0947
8.0327,0.0931
8.0427,0.0753
8.0527,0.1126
8.0627,0.1117
8.0727,0.1186
8.0827,0.1052
8.0927,0.0674
8.1027,0.0800
8.1127,0.0924
8.1227,0.1065
8.1327,0.1042
8.1427,0.0723
8.1527,0.1190
8.1627,0.0840
8.1727,0.0878
8.1827,0.1217
8.1927,0.1253
8.2027,0.0973
8.2127,0.1071
8.2227,0.1323
8.2327,0.0789
8.2427,0.0588
8.2528,0.1096
8.2628,0.1078
8.2728,0.0747
8.2828,0.0871
8.2928,0.1021
8.3028,0.0898
8.3128,0.1108
8.3228,0.1017
8.3328,0.0993
8.3428,0.1054
8.3528,0.1412
8.3628,0.0882
8.3728,0.1228
8.3828,0.1024
8.3928,0.1157
8.4028,0.1130
8.4128,0.1256
8.4228,0.1192
8.4328,0.1007
8.4428,0.1204
8.4528,0.0879
8.4628,0.0801
8.4728,0.0819
8.4828,0.0974
8.4928,0.0860
8.5028,0.0916
8.5128,0.1036
8.5228,0.0971
8.5328,0.1047
8.5428,0.0822
8.5529,0.0817
8.5629,0.1281
8.5729,0.1136
8.5829,0.1002
8.5929,0.0812
8.6029,0.0798
8.6129,0.0926
8.6229,0.1021
8.6329,0.0799
8.6429,0.1328
8.6529,0.1200
8.6629,0.0891
8.6729,0.1100
8.6829,0.1017
8.6929,0.1019
8.7029,0.1026
8.7129,0.1159
8.7229,0.0866
8.7329,0.0863
8.7429,0.1342
8.7529,0.0818
8.7629,0.0915
8.7729,0.1024
8.7829,0.0946
8.7929,0.0893
8.8029,0.1265
8.8129,0.0775
8.8229,0.0820
8.8329,0.0904
8.8429,0.1082
8.8530,0.1014
8.8630,0.0763
8.8730,0.0842
8.8830,0.0743
8.8930,0.0793
8.9030,0.1266
8.9130,0.0909
8.9230,0.0569
8.9330,0.1048
8.9430,0.0903
8.9530,0.1073
8.9630,0.1068
8.9730,0.1389
8.9830,0.1126
8.9930,0.0938
9.0030,0.0942
9.0130,0.0890
9.0230,0.1226
9.0330,0.0955
9.0430,0.0827
9.0530,0.1022
9.0630,0.0890
9.0730,0.1145
9.0830,0.1158
9.0930,0.0939
9.1030,0.1149
9.1130,0.0824
9.1230,0.1170
9.1330,0.1042
9.1430,0.1110
9.1531,0.0890
9.1631,0.1525
9.1731,0.0893
9.1831,0.0505
9.1931,0.1011
9.2031,0.0500
9.2131,0.1117
9.2231,0.1288
9.2331,0.1425
9.2431,0.1142
9.2531,0.1370
9.2631,0.0827
9.2731,0.0988
9.2831,0.0881
9.2931,0.0871
9.3031,0.1022
9.3131,0.0704
9.3231,0.1179
9.3331,0.1018
9.3431,0.1036
9.3531,0.1000
9.3631,0.0825
9.3731,0.0798
9.3831,0.1079
9.3931,0.0787
9.4031,0.0866
9.4131,0.1287
9.4231,0.0781
9.4331,0.0716
9.4431,0.1091
9.4532,0.0873
9.4632,0.0927
9.4732,0.1000
9.4832,0.1283
9.4932,0.1071
9.5032,0.1024
9.5132,0.0649
9.5232,0.0807
9.5332,0.0899
9.5432,0.0721
9.5532,0.0773
9.5632,0.1348
9.5732,0.0725
9.5832,0.0695
9.5932,0.1280
9.6032,0.0984
9.6132,0.1400
9.6232,0.1217
9.6332,0.0690
9.6432,0.1218
9.6532,0.1310
9.6632,0.1225
9.6732,0.0735
9.6832,0.1085
9.6932,0.0849
9.7032,0.1029
9.7132,0.0917
9.7232,0.1116
9.7332,0.0862
9.7432,0.1158
9.7533,0.1191
9.7633,0.0864
9.7733,0.0936
9.7833,0.1493
9.7933,0.1206
9.8033,0.1275
9.8133,0.0986
9.8233,0.0852
9.8333,0.1116
9.8433,0.0568
9.8533,0.0767
9.8633,0.1136
9.8733,0.0977
9.8833,0.0982
9.8933,0.0671
9.9033,0.1101
9.9133,0.1060
9.9233,0.1323
9.9333,0.1055
9.9433,0.0951
9.9533,0.0908
9.9633,0.0578
9.9733,0.1173
9.9833,0.0698
9.9933,0.1028
10.0033,0.1109
10.0133,0.0975
10.0233,0.0876
10.0333,0.1483
10.0433,0.1199
10.0534,0.1251
10.0634,0.1055
10.0734,0.0937
10.0834,0.1379
10.0934,0.1175
10.1034,0.1483
10.1134,0.1169
10.1234,0.1312
10.1334,0.1632
10.1434,0.1473
10.1534,0.1349
10.1634,0.1880
10.1734,0.1985
10.1834,0.1931
10.1934,0.2402
10.2034,0.2980
10.2134,0.3123
10.2234,0.3413
10.2334,0.4076
10.2434,0.4682
10.2534,0.4841
10.2634,0.6062
10.2734,0.7138
10.2834,0.7804
10.2934,0.9425
10.3034,1.0632
10.3134,1.1860
10.3234,1.3900
10.3334,1.6384
10.3434,1.9075
10.3535,2.1454
10.3635,2.4836
10.3735,2.7959
10.3835,3.2176
10.3935,3.6658
10.4035,4.1682
10.4135,4.6986
10.4235,5.3570
10.4335,6.0097
10.4435,6.7267
10.4535,7.5307
10.4635,8.4463
10.4735,9.4074
10.4835,10.4586
10.4935,11.5485
10.5035,12.7720
10.5135,14.0552
10.5235,15.4114
10.5335,16.8616
10.5435,18.4324
10.5535,20.0128
10.5635,21.6500
10.5735,23.4183
10.5835,25.2421
10.5935,27.0967
10.6035,29.0353
10.6135,30.9679
10.6235,32.9648
10.6335,34.9724
10.6435,37.0141
10.6536,39.0373
10.6636,41.0024
10.6736,43.0019
10.6836,44.9128
10.6936,46.7651
10.7036,48.6221
10.7136,50.3012
10.7236,51.9380
10.7336,53.4334
10.7436,54.8123
10.7536,56.0354
10.7636,57.1365
10.7736,58.0421
10.7836,58.8395
10.7936,59.4294
10.8036,59.8054
10.8136,60.0503
10.8236,60.0915
10.8336,59.9803
10.8436,59.6443
10.8536,59.0841
10.8636,58.4421
10.8736,57.5962
10.8836,56.5731
10.8936,55.4048
10.9036,54.1150
10.9136,52.6426
10.9236,51.0766
10.9336,49.4365
10.9436,47.6822
10.9537,45.8099
10.9637,43.9469
10.9737,42.0118
10.9837,39.9715
10.9937,37.9864
11.0037,35.9768
11.0137,33.9261
11.0237,31.9405
11.0337,29.9582
11.0437,28.0018
11.0537,26.0995
11.0637,24.2799
11.0737,22.5130
11.0837,20.7886
11.0937,19.1445
11.1037,17.5810
11.1137,16.0821
11.1237,14.6855
11.1337,13.3898
11.1437,12.1214
11.1537,10.9748
11.1637,9.8820
11.1737,8.8640
11.1837,8.0094
11.1937,7.1159
11.2037,6.3561
11.2137,5.6352
11.2237,4.9657
11.2337,4.4269
11.2437,3.9075
11.2538,3.4329
11.2638,3.0468
11.2738,2.6525
11.2838,2.3070
11.2938,1.9775
11.3038,1.7402
11.3138,1.4737
11.3238,1.3011
11.3338,1.1151
11.3438,0.9932
11.3538,0.8307
11.3638,0.7515
11.3738,0.6330
11.3838,0.5283
11.3938,0.5144
11.4038,0.4262
11.4138,0.3456
11.4238,0.3242
11.4338,0.2508
11.4438,0.2577
11.4538,0.2302
11.4638,0.1940
11.4738,0.1999
11.4838,0.1658
11.4938,0.1285
11.5038,0.1300
11.5138,0.1429
11.5238,0.1513
11.5338,0.1169
11.5438,0.1319
11.5539,0.1128
11.5639,0.1027
11.5739,0.1084
11.5839,0.1097
11.5939,0.1171
11.6039,0.0862
11.6139,0.1200
11.6239,0.1146
11.6339,0.0893
11.6439,0.0894
11.6539,0.1282
11.6639,0.1147
11.6739,0.0809
11.6839,0.0982
11.6939,0.0852
11.7039,0.0989
11.7139,0.1206
11.7239,0.0804
11.7339,0.1007
11.7439,0.0718
11.7539,0.1124
11.7639,0.0866
11.7739,0.0988
11.7839,0.1354
11.7939,0.0849
11.8039,0.0727
11.8139,0.0678
11.8239,0.1194
11.8339,0.1075
11.8439,0.1022
11.8540,0.1118
11.8640,0.1191
11.8740,0.1022
11.8840,0.0926
11.8940,0.1096
11.9040,0.1058
11.9140,0.0658
11.9240,0.0906
11.9340,0.1192
11.9440,0.1244
11.9540,0.0832
11.9640,0.0736
11.9740,0.0685
11.9840,0.0980
11.9940,0.1290
12.0040,0.0661
12.0140,0.0942
12.0240,0.1228
12.0340,0.1156
12.0440,0.0912
12.0540,0.0987
12.0640,0.1340
12.0740,0.0937
12.0840,0.0962
12.0940,0.0950
12.1040,0.0749
12.1140,0.1068
12.1240,0.0907
12.1340,0.1172
12.1440,0.0707
12.1541,0.1095
12.1641,0.0964
12.1741,0.1071
12.1841,0.0930
12.1941,0.0721
12.2041,0.1043
12.2141,0.1354
12.2241,0.0975
12.2341,0.0896
12.2441,0.1224
12.2541,0.1041
12.2641,0.1158
12.2741,0.1124
12.2841,0.1363
12.2941,0.0962
12.3041,0.1027
12.3141,0.1170
12.3241,0.0824
12.3341,0.0859
12.3441,0.1423
12.3541,0.1024
12.3641,0.0821
12.3741,0.1507
12.3841,0.0722
12.3941,0.1156
12.4041,0.1222
12.4141,0.1125
12.4241,0.0818
12.4341,0.1152
12.4441,0.1239
12.4542,0.1202
12.4642,0.1233
12.4742,0.0805
12.4842,0.0902
12.4942,0.1223
12.5042,0.0618
12.5142,0.0571
12.5242,0.1066
12.5342,0.1311
12.5442,0.1234
12.5542,0.1003
12.5642,0.1132
12.5742,0.1218
12.5842,0.1044
12.5942,0.0845
12.6042,0.0919
12.6142,0.0964
12.6242,0.1452
12.6342,0.0932
12.6442,0.1194
12.6542,0.0792
12.6642,0.0804
12.6742,0.0598
12.6842,0.1051
12.6942,0.0881
12.7042,0.1043
12.7142,0.0933
12.7242,0.1084
12.7342,0.0800
12.7442,0.0940
12.7543,0.0805
12.7643,0.0720
12.7743,0.0945
12.7843,0.1173
12.7943,0.0936
12.8043,0.1209
12.8143,0.0995
12.8243,0.0909
12.8343,0.1087
12.8443,0.0914
12.8543,0.1180
12.8643,0.0880
12.8743,0.1029
12.8843,0.1156
12.8943,0.0874
12.9043,0.1074
12.9143,0.1023
12.9243,0.0948
12.9343,0.1098
12.9443,0.0899
12.9543,0.0954
12.9643,0.0820
12.9743,0.0899
12.9843,0.0944
12.9943,0.1067
13.0043,0.0944
13.0143,0.1153
13.0243,0.0845
13.0343,0.0900
13.0443,0.0500
13.0544,0.0929
13.0644,0.1173
13.0744,0.0990
13.0844,0.1072
13.0944,0.0942
13.1044,0.1197
13.1144,0.1149
13.1244,0.1019
13.1344,0.1020
13.1444,0.0737
13.1544,0.0562
13.1644,0.0855
13.1744,0.0812
13.1844,0.1264
13.1944,0.0746
13.2044,0.1036
13.2144,0.1032
13.2244,0.0850
13.2344,0.0807
13.2444,0.0780
13.2544,0.1147
13.2644,0.1318
13.2744,0.1180
13.2844,0.1099
13.2944,0.1174
13.3044,0.0890
13.3144,0.1066
13.3244,0.1065
13.3344,0.1215
13.3444,0.1035
13.3545,0.1050
13.3645,0.1274
13.3745,0.0963
13.3845,0.0598
13.3945,0.1058
13.4045,0.0785
13.4145,0.1033
13.4245,0.0994
13.4345,0.0969
13.4445,0.0971
13.4545,0.0519
13.4645,0.1217
13.4745,0.0861
13.4845,0.0658
13.4945,0.0941
13.5045,0.1185
13.5145,0.1033
13.5245,0.0969
13.5345,0.1051
13.5445,0.0830
13.5545,0.0647
13.5645,0.0595
13.5745,0.0907
13.5845,0.1182
13.5945,0.0675
13.6045,0.0967
13.6145,0.0767
13.6245,0.1030
13.6345,0.1237
13.6445,0.0901
13.6546,0.1068
13.6646,0.1045
13.6746,0.1069
13.6846,0.1029
13.6946,0.0936
13.7046,0.0745
13.7146,0.0893
13.7246,0.1176
13.7346,0.1147
13.7446,0.1140
13.7546,0.0889
13.7646,0.0882
13.7746,0.1195
13.7846,0.0748
13.7946,0.1005
13.8046,0.1211
13.8146,0.0834
13.8246,0.0876
13.8346,0.1298
13.8446,0.0704
13.8546,0.0536
13.8646,0.1341
13.8746,0.1317
13.8846,0.1070
13.8946,0.1090
13.9046,0.0734
13.9146,0.1396
13.9246,0.1139
13.9346,0.0790
13.9446,0.1076
13.9547,0.0880
13.9647,0.1136
13.9747,0.0667
13.9847,0.1155
13.9947,0.1074
14.0047,0.1205
14.0147,0.1092
14.0247,0.0804
14.0347,0.0866
14.0447,0.0847
14.0547,0.0847
14.0647,0.1092
14.0747,0.0921
14.0847,0.1260
14.0947,0.1125
14.1047,0.1088
14.1147,0.0929
14.1247,0.0934
14.1347,0.0663
14.1447,0.1113
14.1547,0.0926
14.1647,0.0988
14.1747,0.1362
14.1847,0.0941
14.1947,0.0995
14.2047,0.1328
14.2147,0.1109
14.2247,0.1055
14.2347,0.1149
14.2447,0.1172
14.2548,0.0664
14.2648,0.1249
14.2748,0.0985
14.2848,0.1140
14.2948,0.0888
14.3048,0.1078
14.3148,0.1196
14.3248,0.1066
14.3348,0.1677
14.3448,0.0801
14.3548,0.1436
14.3648,0.0750
14.3748,0.0909
14.3848,0.0810
14.3948,0.0933
14.4048,0.0717
14.4148,0.1136
14.4248,0.0776
14.4348,0.1022
14.4448,0.1083
14.4548,0.0962
14.4648,0.1165
14.4748,0.1324
14.4848,0.0500
14.4948,0.0802
14.5048,0.1142
14.5148,0.1082
14.5248,0.1258
14.5348,0.1029
14.5448,0.0796
14.5549,0.0900
14.5649,0.0840
14.5749,0.1600
14.5849,0.0600
14.5949,0.0500
14.6049,0.0879
14.6149,0.0724
14.6249,0.1063
14.6349,0.0806
14.6449,0.1122
14.6549,0.1132
14.6649,0.0696
14.6749,0.0795
14.6849,0.1213
14.6949,0.0976
14.7049,0.0999
14.7149,0.0884
14.7249,0.1197
14.7349,0.1035
14.7449,0.0889
14.7549,0.0836
14.7649,0.0946
14.7749,0.1039
14.7849,0.1400
14.7949,0.0839
14.8049,0.0826
14.8149,0.0831
14.8249,0.0936
14.8349,0.0814
14.8449,0.1006
14.8550,0.0735
14.8650,0.0992
14.8750,0.0874
14.8850,0.0911
14.8950,0.0744
14.9050,0.1217
14.9150,0.1428
14.9250,0.0732
14.9350,0.1165
14.9450,0.0769
14.9550,0.1065
14.9650,0.0857
14.9750,0.1028
14.9850,0.0908
14.9950,0.0707
15.0050,0.0698
15.0150,0.1294
15.0250,0.1468
15.0350,0.1193
15.0450,0.0959
15.0550,0.1194
15.0650,0.0848
15.0750,0.0502
15.0850,0.1074
15.0950,0.0730
15.1050,0.0930
15.1150,0.0892
15.1250,0.1258
15.1350,0.0881
15.1450,0.0956
15.1551,0.0892
15.1651,0.1040
15.1751,0.0901
15.1851,0.0908
15.1951,0.1129
15.2051,0.0969
15.2151,0.0842
15.2251,0.0988
15.2351,0.1184
15.2451,0.1104
15.2551,0.0999
15.2651,0.1203
15.2751,0.1066
15.2851,0.1030
15.2951,0.0967
15.3051,0.1164
15.3151,0.1089
15.3251,0.1260
15.3351,0.1123
15.3451,0.0931
15.3551,0.1143
15.3651,0.0953
15.3751,0.1252
15.3851,0.1344
15.3951,0.0809
15.4051,0.1094
15.4151,0.1234
15.4251,0.1168
15.4351,0.1029
15.4451,0.1168
15.4552,0.1116
15.4652,0.1077
15.4752,0.1016
15.4852,0.1213
15.4952,0.1382
15.5052,0.0591
15.5152,0.0960
15.5252,0.1455
15.5352,0.1242
15.5452,0.0987
15.5552,0.0888
15.5652,0.0982
15.5752,0.0961
15.5852,0.0999
15.5952,0.1147
15.6052,0.0866
15.6152,0.1115
15.6252,0.0500
15.6352,0.1109
15.6452,0.1053
15.6552,0.0732
15.6652,0.0984
15.6752,0.1017
15.6852,0.0773
15.6952,0.1089
15.7052,0.1227
15.7152,0.0732
15.7252,0.1101
15.7352,0.0883
15.7452,0.1206
15.7553,0.1015
15.7653,0.0839
15.7753,0.0969
15.7853,0.1151
15.7953,0.0929
15.8053,0.1134
15.8153,0.0930
15.8253,0.0951
15.8353,0.0728
15.8453,0.0953
15.8553,0.0709
15.8653,0.0596
15.8753,0.1388
15.8853,0.1156
15.8953,0.0912
15.9053,0.0697
15.9153,0.0714
15.9253,0.1013
15.9353,0.1235
15.9453,0.1058
15.9553,0.0978
15.9653,0.0991
15.9753,0.1068
15.9853,0.1147
15.9953,0.0994
16.0053,0.1065
16.0153,0.1192
16.0253,0.0908
16.0353,0.0897
16.0453,0.0891
16.0554,0.1331
16.0654,0.1199
16.0754,0.1283
16.0854,0.1195
16.0954,0.1224
16.1054,0.0758
16.1154,0.1131
16.1254,0.0923
16.1354,0.1079
16.1454,0.1157
16.1554,0.0984
16.1654,0.1027
16.1754,0.0938
16.1854,0.1323
16.1954,0.1114
16.2054,0.0792
16.2154,0.1186
16.2254,0.0845
16.2354,0.1328
16.2454,0.1425
16.2554,0.0909
16.2654,0.0656
16.2754,0.0921
16.2854,0.0635
16.2954,0.1092
16.3054,0.1163
16.3154,0.0978
16.3254,0.0881
16.3354,0.0925
16.3454,0.0832
16.3555,0.1175
16.3655,0.1071
16.3755,0.0795
16.3855,0.1101
16.3955,0.1014
16.4055,0.1113
16.4155,0.1263
16.4255,0.0737
16.4355,0.0944
16.4455,0.1217
16.4555,0.1114
16.4655,0.0975
16.4755,0.1171
16.4855,0.0948
16.4955,0.0797
16.5055,0.0827
16.5155,0.1141
16.5255,0.0652
16.5355,0.0931
16.5455,0.1040
16.5555,0.1137
16.5655,0.0500
16.5755,0.1087
16.5855,0.0710
16.5955,0.1218
16.6055,0.0789
16.6155,0.1046
16.6255,0.1047
16.6355,0.0987
16.6455,0.0928
16.6556,0.1228
16.6656,0.1277
16.6756,0.1045
16.6856,0.0926
16.6956,0.0859
16.7056,0.1064
16.7156,0.0834
16.7256,0.0804
16.7356,0.0939
16.7456,0.1017
16.7556,0.0500
16.7656,0.1107
16.7756,0.1248
16.7856,0.0973
16.7956,0.1110
16.8056,0.1063
16.8156,0.0620
16.8256,0.1168
16.8356,0.1028
16.8456,0.1163
16.8556,0.0837
16.8656,0.0868
16.8756,0.0933
16.8856,0.1046
16.8956,0.1522
16.9056,0.1008
16.9156,0.1281
16.9256,0.0978
16.9356,0.0863
16.9456,0.0819
16.9557,0.0969
16.9657,0.1124
16.9757,0.1201
16.9857,0.0819
16.9957,0.1117
17.0057,0.0824
17.0157,0.0766
17.0257,0.1253
17.0357,0.1393
17.0457,0.1271
17.0557,0.0983
17.0657,0.1061
17.0757,0.1006
17.0857,0.0925
17.0957,0.0956
17.1057,0.1251
17.1157,0.0848
17.1257,0.0861
17.1357,0.0928
17.1457,0.0932
17.1557,0.0929
17.1657,0.1118
17.1757,0.0972
17.1857,0.1261
17.1957,0.1261
17.2057,0.1198
17.2157,0.0831
17.2257,0.1156
17.2357,0.0964
17.2457,0.1007
17.2558,0.0987
17.2658,0.0937
17.2758,0.0994
17.2858,0.0809
17.2958,0.0683
17.3058,0.0998
17.3158,0.1228
17.3258,0.0972
17.3358,0.1022
17.3458,0.0890
17.3558,0.0968
17.3658,0.0877
17.3758,0.0866
17.3858,0.0945
17.3958,0.0951
17.4058,0.0928
17.4158,0.1119
17.4258,0.1002
17.4358,0.1040
17.4458,0.0827
17.4558,0.0819
17.4658,0.1264
17.4758,0.1163
17.4858,0.0900
17.4958,0.0760
17.5058,0.0834
17.5158,0.0609
17.5258,0.0991
17.5358,0.1053
17.5458,0.0764
17.5559,0.1019
17.5659,0.1346
17.5759,0.1008
17.5859,0.0817
17.5959,0.0725
17.6059,0.1004
17.6159,0.1028
17.6259,0.1142
17.6359,0.1334
17.6459,0.0889
17.6559,0.0930
17.6659,0.0935
17.6759,0.1379
17.6859,0.0781
17.6959,0.1192
17.7059,0.1066
17.7159,0.0865
17.7259,0.1012
17.7359,0.0860
17.7459,0.0791
17.7559,0.1126
17.7659,0.1068
17.7759,0.1075
17.7859,0.1008
17.7959,0.1360
17.8059,0.0827
17.8159,0.1411
17.8259,0.1507
17.8359,0.1089
17.8459,0.1159
17.8560,0.0778
17.8660,0.1183
17.8760,0.1134
17.8860,0.0669
17.8960,0.1115
17.9060,0.0927
17.9160,0.0956
17.9260,0.0945
17.9360,0.0965
17.9460,0.1165
17.9560,0.0684
17.9660,0.1351
17.9760,0.0725
17.9860,0.1256
17.9960,0.0588
18.0060,0.0820
18.0160,0.1067
18.0260,0.0751
18.0360,0.0894
18.0460,0.0911
18.0560,0.1243
18.0660,0.0816
18.0760,0.0988
18.0860,0.0876
18.0960,0.0917
18.1060,0.0871
18.1160,0.1015
18.1260,0.0785
18.1360,0.1093
18.1460,0.0639
18.1561,0.1068
18.1661,0.0952
18.1761,0.1248
18.1861,0.1071
18.1961,0.1163
18.2061,0.1006
18.2161,0.0899
18.2261,0.0947
18.2361,0.0785
18.2461,0.1023
18.2561,0.0779
18.2661,0.0680
18.2761,0.1140
18.2861,0.0949
18.2961,0.1058
18.3061,0.0942
18.3161,0.0791
18.3261,0.0544
18.3361,0.1150
18.3461,0.0899
18.3561,0.0913
18.3661,0.0894
18.3761,0.0940
18.3861,0.0944
18.3961,0.0892
18.4061,0.1139
18.4161,0.1083
18.4261,0.0747
18.4361,0.0931
18.4461,0.1205
18.4562,0.0881
18.4662,0.1054
18.4762,0.0928
18.4862,0.1303
18.4962,0.0861
18.5062,0.0760
18.5162,0.0721
18.5262,0.0897
18.5362,0.1068
18.5462,0.0569
18.5562,0.1124
18.5662,0.1031
18.5762,0.1056
18.5862,0.1410
18.5962,0.1037
18.6062,0.1080
18.6162,0.1382
18.6262,0.1013
18.6362,0.1141
18.6462,0.0703
18.6562,0.1050
18.6662,0.0899
18.6762,0.1168
18.6862,0.1292
18.6962,0.0800
18.7062,0.1273
18.7162,0.1175
18.7262,0.0879
18.7362,0.0810
18.7462,0.0863
18.7563,0.0856
18.7663,0.1018
18.7763,0.1070
18.7863,0.0955
18.7963,0.0828
18.8063,0.1090
18.8163,0.0953
18.8263,0.1063
18.8363,0.0607
18.8463,0.1144
18.8563,0.1009
18.8663,0.0769
18.8763,0.0781
18.8863,0.0984
18.8963,0.0958
18.9063,0.1049
18.9163,0.1119
18.9263,0.0958
18.9363,0.0905
18.9463,0.1009
18.9563,0.1003
18.9663,0.1184
18.9763,0.0966
18.9863,0.1618
18.9963,0.1536
19.0063,0.1079
19.0163,0.0748
19.0263,0.1036
19.0363,0.1181
19.0463,0.1356
19.0564,0.0957
19.0664,0.1195
19.0764,0.1044
19.0864,0.1340
19.0964,0.0829
19.1064,0.0876
19.1164,0.1418
19.1264,0.0930
19.1364,0.0937
19.1464,0.1152
19.1564,0.0633
19.1664,0.1151
19.1764,0.0840
19.1864,0.1009
19.1964,0.0710
19.2064,0.1226
19.2164,0.0979
19.2264,0.1190
19.2364,0.1072
19.2464,0.0985
19.2564,0.1170
19.2664,0.1055
19.2764,0.1026
19.2864,0.0813
19.2964,0.1196
19.3064,0.0943
19.3164,0.0871
19.3264,0.1014
19.3364,0.1073
19.3464,0.0904
19.3565,0.0935
19.3665,0.0866
19.3765,0.0980
19.3865,0.1046
19.3965,0.1164
19.4065,0.0956
19.4165,0.1226
19.4265,0.0974
19.4365,0.1324
19.4465,0.0994
19.4565,0.0939
19.4665,0.1136
19.4765,0.1178
19.4865,0.0692
19.4965,0.0904
19.5065,0.0996
19.5165,0.1178
19.5265,0.1148
19.5365,0.0880
19.5465,0.0632
19.5565,0.0880
19.5665,0.0996
19.5765,0.1075
19.5865,0.0765
19.5965,0.0871
19.6065,0.1309
19.6165,0.0875
19.6265,0.1270
19.6365,0.0612
19.6465,0.1033
19.6566,0.0839
19.6666,0.0894
19.6766,0.1153
19.6866,0.1017
19.6966,0.1115
19.7066,0.1188
19.7166,0.0781
19.7266,0.1055
19.7366,0.0758
19.7466,0.1082
19.7566,0.0948
19.7666,0.0899
19.7766,0.1729
19.7866,0.1366
19.7966,0.1122
19.8066,0.0762
19.8166,0.1105
19.8266,0.1331
19.8366,0.0890
19.8466,0.1114
19.8566,0.1147
19.8666,0.1082
19.8766,0.0852
19.8866,0.1014
19.8966,0.0909
19.9066,0.0963
19.9166,0.0867
19.9266,0.0991
19.9366,0.0803
19.9466,0.1188
19.9567,0.1333
19.9667,0.1300
19.9767,0.0917
19.9867,0.0967
19.9967,0.0944
20.0067,0.1196
20.0167,0.1349
20.0267,0.0670
20.0367,0.0975
20.0467,0.0928
20.0567,0.0890
20.0667,0.0971
20.0767,0.1201
20.0867,0.1244
20.0967,0.0658
20.1067,0.0804
20.1167,0.1181
20.1267,0.1245
20.1367,0.0935
20.1467,0.0777
20.1567,0.1050
20.1667,0.1331
20.1767,0.0920
20.1867,0.1002
20.1967,0.1117
20.2067,0.0886
20.2167,0.0812
20.2267,0.1013
20.2367,0.1258
20.2467,0.0922
20.2568,0.1049
20.2668,0.0856
20.2768,0.1098
20.2868,0.0870
20.2968,0.0985
20.3068,0.1469
20.3168,0.0500
20.3268,0.0960
20.3368,0.0884
20.3468,0.1064
20.3568,0.0886
20.3668,0.1357
20.3768,0.0902
20.3868,0.1215
20.3968,0.0944
20.4068,0.0846
20.4168,0.1141
20.4268,0.1390
20.4368,0.1303
20.4468,0.1074
20.4568,0.0585
20.4668,0.0893
20.4768,0.0989
20.4868,0.0923
20.4968,0.1111
20.5068,0.1292
20.5168,0.0985
20.5268,0.0723
20.5368,0.1063
20.5468,0.0662
20.5569,0.1026
20.5669,0.1428
20.5769,0.0907
20.5869,0.1089
20.5969,0.1072
20.6069,0.1187
20.6169,0.1115
20.6269,0.1006
20.6369,0.1072
20.6469,0.1078
20.6569,0.1187
20.6669,0.0901
20.6769,0.1067
20.6869,0.1293
20.6969,0.0885
20.7069,0.0759
20.7169,0.0731
20.7269,0.1160
20.7369,0.0935
20.7469,0.1636
20.7569,0.1025
20.7669,0.1148
20.7769,0.1222
20.7869,0.0989
20.7969,0.0675
20.8069,0.1012
20.8169,0.0792
20.8269,0.1207
20.8369,0.1085
20.8469,0.0925
20.8570,0.0860
20.8670,0.0923
20.8770,0.0844
20.8870,0.0822
20.8970,0.1057
20.9070,0.0916
20.9170,0.1002
20.9270,0.0932
20.9370,0.1131
20.9470,0.0824
20.9570,0.0677
20.9670,0.1056
20.9770,0.1584
20.9870,0.0985
20.9970,0.1040
21.0070,0.1010
21.0170,0.0702
21.0270,0.1002
21.0370,0.1292
21.0470,0.1107
21.0570,0.0906
21.0670,0.0733
21.0770,0.1138
21.0870,0.0806
21.0970,0.0836
21.1070,0.0769
21.1170,0.1193
21.1270,0.1074
21.1370,0.0761
21.1470,0.0875
21.1571,0.1165
21.1671,0.0628
21.1771,0.1099
21.1871,0.1604
21.1971,0.1103
21.2071,0.1017
21.2171,0.0784
21.2271,0.1148
21.2371,0.1297
21.2471,0.1029
21.2571,0.1009
21.2671,0.1101
21.2771,0.1331
21.2871,0.0810
21.2971,0.1126
21.3071,0.1148
21.3171,0.0866
21.3271,0.0648
21.3371,0.0927
21.3471,0.1375
21.3571,0.1012
21.3671,0.1040
21.3771,0.1025
21.3871,0.0999
21.3971,0.0773
21.4071,0.1005
21.4171,0.0875
21.4271,0.1323
21.4371,0.1154
21.4471,0.1112
21.4572,0.0989
21.4672,0.0914
21.4772,0.0696
21.4872,0.0873
21.4972,0.0951
21.5072,0.1104
21.5172,0.0934
21.5272,0.0836
21.5372,0.1061
21.5472,0.1104
21.5572,0.0870
21.5672,0.0998
21.5772,0.0719
21.5872,0.0719
21.5972,0.1007
21.6072,0.0964
21.6172,0.1009
21.6272,0.1214
21.6372,0.1054
21.6472,0.1072
21.6572,0.1023
21.6672,0.0815
21.6772,0.0968
21.6872,0.1110
21.6972,0.0865
21.7072,0.1080
21.7172,0.0891
21.7272,0.1090
21.7372,0.1012
21.7472,0.0703
21.7573,0.1150
21.7673,0.0994
21.7773,0.0842
21.7873,0.1247
21.7973,0.1515
21.8073,0.1221
21.8173,0.1175
21.8273,0.1282
21.8373,0.1335
21.8473,0.1024
21.8573,0.1261
21.8673,0.1313
21.8773,0.0813
21.8873,0.0836
21.8973,0.1092
21.9073,0.0970
21.9173,0.0960
21.9273,0.1120
21.9373,0.0952
21.9473,0.1125
21.9573,0.1563
21.9673,0.1121
21.9773,0.1062
21.9873,0.1123
21.9973,0.1067
22.0073,0.0645
22.0173,0.1063
22.0273,0.0866
22.0373,0.1302
22.0473,0.0930
22.0574,0.1093
22.0674,0.1117
22.0774,0.1351
22.0874,0.1502
22.0974,0.0881
22.1074,0.0978
22.1174,0.1001
22.1274,0.0694
22.1374,0.0849
22.1474,0.1016
22.1574,0.0770
22.1674,0.0968
22.1774,0.1214
22.1874,0.0693
22.1974,0.0814
22.2074,0.1110
22.2174,0.0876
22.2274,0.0952
22.2374,0.0578
22.2474,0.1003
22.2574,0.1162
22.2674,0.0801
22.2774,0.1142
22.2874,0.0827
22.2974,0.0788
22.3074,0.0897
22.3174,0.1242
22.3274,0.0888
22.3374,0.0801
22.3474,0.1293
22.3575,0.1173
22.3675,0.1140
22.3775,0.0668
22.3875,0.0989
22.3975,0.1322
22.4075,0.0538
22.4175,0.1147
22.4275,0.1102
22.4375,0.1025
22.4475,0.1358
22.4575,0.0769
22.4675,0.0912
22.4775,0.1292
22.4875,0.1118
22.4975,0.0626
22.5075,0.0900
22.5175,0.1201
22.5275,0.0813
22.5375,0.0843
22.5475,0.1097
22.5575,0.0795
22.5675,0.1178
22.5775,0.1234
22.5875,0.1329
22.5975,0.0982
22.6075,0.1077
22.6175,0.0953
22.6275,0.1036
22.6375,0.1193
22.6475,0.0874
22.6576,0.0609
22.6676,0.0965
22.6776,0.0790
22.6876,0.0711
22.6976,0.0782
22.7076,0.0878
22.7176,0.0819
22.7276,0.0938
22.7376,0.1301
22.7476,0.1410
22.7576,0.0872
22.7676,0.1142
22.7776,0.0912
22.7876,0.0828
22.7976,0.0620
22.8076,0.0959
22.8176,0.1076
22.8276,0.1129
22.8376,0.1113
22.8476,0.0691
22.8576,0.0985
22.8676,0.1080
22.8776,0.0789
22.8876,0.0583
22.8976,0.0703
22.9076,0.1264
22.9176,0.1002
22.9276,0.0954
22.9376,0.0554
22.9476,0.1026
22.9577,0.1154
22.9677,0.0816
22.9777,0.1046
22.9877,0.1067
22.9977,0.0963
23.0077,0.0532
23.0177,0.1076
23.0277,0.1080
23.0377,0.0865
23.0477,0.0957
23.0577,0.0666
23.0677,0.0859
23.0777,0.0733
23.0877,0.0822
23.0977,0.0773
23.1077,0.0736
23.1177,0.0564
23.1277,0.0606
23.1377,0.1205
23.1477,0.1100
23.1577,0.0852
23.1677,0.0857
23.1777,0.0752
23.1877,0.1322
23.1977,0.0961
23.2077,0.1233
23.2177,0.0987
23.2277,0.0900
23.2377,0.0870
23.2477,0.1071
23.2578,0.1028
23.2678,0.1263
23.2778,0.1104
23.2878,0.0753
23.2978,0.1032
23.3078,0.1160
23.3178,0.0971
23.3278,0.0845
23.3378,0.0995
23.3478,0.0796
23.3578,0.1113
23.3678,0.0949
23.3778,0.1060
23.3878,0.1052
23.3978,0.1166
23.4078,0.0915
23.4178,0.0668
23.4278,0.0741
23.4378,0.1127
23.4478,0.1265
23.4578,0.0656
23.4678,0.0735
23.4778,0.1105
23.4878,0.1013
23.4978,0.1121
23.5078,0.0895
23.5178,0.1001
23.5278,0.1043
23.5378,0.0900
23.5478,0.1033
23.5579,0.0697
23.5679,0.0743
23.5779,0.1015
23.5879,0.1443
23.5979,0.0584
23.6079,0.0886
23.6179,0.0597
23.6279,0.0841
23.6379,0.0737
23.6479,0.1069
23.6579,0.0989
23.6679,0.0580
23.6779,0.1059
23.6879,0.1372
23.6979,0.0944
23.7079,0.0788
23.7179,0.1146
23.7279,0.1188
23.7379,0.0536
23.7479,0.1014
23.7579,0.0960
23.7679,0.0841
23.7779,0.0899
23.7879,0.1087
23.7979,0.1092
23.8079,0.1136
23.8179,0.1092
23.8279,0.0853
23.8379,0.0980
23.8479,0.1300
23.8580,0.1131
23.8680,0.1045
23.8780,0.0967
23.8880,0.1339
23.8980,0.1209
23.9080,0.1127
23.9180,0.1003
23.9280,0.1106
23.9380,0.1310
23.9480,0.1233
23.9580,0.0823
23.9680,0.0950
23.9780,0.1188
23.9880,0.1135
23.9980,0.1088
24.0080,0.0982
24.0180,0.1059
24.0280,0.1517
24.0380,0.1340
24.0480,0.1080
24.0580,0.1365
24.0680,0.0954
24.0780,0.1220
24.0880,0.1479
24.0980,0.1118
24.1080,0.1175
24.1180,0.1005
24.1280,0.1112
24.1380,0.0717
24.1480,0.0702
24.1581,0.0693
24.1681,0.1194
24.1781,0.0848
24.1881,0.0974
24.1981,0.0926
24.2081,0.1241
24.2181,0.0828
24.2281,0.0977
24.2381,0.0783
24.2481,0.1040
24.2581,0.0535
24.2681,0.1245
24.2781,0.1013
24.2881,0.0710
24.2981,0.1088
24.3081,0.1095
24.3181,0.1231
24.3281,0.1069
24.3381,0.0916
24.3481,0.1052
24.3581,0.0940
24.3681,0.0760
24.3781,0.0862
24.3881,0.0949
24.3981,0.0676
24.4081,0.1084
24.4181,0.1079
24.4281,0.0806
24.4381,0.1057
24.4481,0.1370
24.4582,0.1030
24.4682,0.0893
24.4782,0.1032
24.4882,0.1188
24.4982,0.1293
24.5082,0.0677
24.5182,0.1245
24.5282,0.1207
24.5382,0.1137
24.5482,0.0940
24.5582,0.1073
24.5682,0.0910
24.5782,0.1107
24.5882,0.1031
24.5982,0.0831
24.6082,0.0856
24.6182,0.1163
24.6282,0.1042
24.6382,0.0739
24.6482,0.1192
24.6582,0.0948
24.6682,0.1028
24.6782,0.1007
24.6882,0.0809
24.6982,0.0955
24.7082,0.0918
24.7182,0.0881
24.7282,0.1011
24.7382,0.1207
24.7482,0.0859
24.7583,0.1128
24.7683,0.1027
24.7783,0.1162
24.7883,0.0642
24.7983,0.1085
24.8083,0.0559
24.8183,0.1220
24.8283,0.1023
24.8383,0.0789
24.8483,0.1324
24.8583,0.1235
24.8683,0.0981
24.8783,0.0914
24.8883,0.0817
24.8983,0.0825
24.9083,0.0907
24.9183,0.0991
24.9283,0.0833
24.9383,0.1234
24.9483,0.1098
24.9583,0.0734
24.9683,0.0684
24.9783,0.0995
24.9883,0.1048
24.9983,0.1145
25.0083,0.0817
25.0183,0.1008
25.0283,0.1004
25.0383,0.0998
25.0483,0.1163
25.0584,0.1200
25.0684,0.0932
25.0784,0.0734
25.0884,0.1316
25.0984,0.1520
25.1084,0.1132
25.1184,0.0686
25.1284,0.1444
25.1384,0.1133
25.1484,0.0994
25.1584,0.0771
25.1684,0.1196
25.1784,0.1208
25.1884,0.0662
25.1984,0.0932
25.2084,0.0719
25.2184,0.1032
25.2284,0.0796
25.2384,0.0841
25.2484,0.0736
25.2584,0.0938
25.2684,0.0864
25.2784,0.0975
25.2884,0.1067
25.2984,0.0763
25.3084,0.0898
25.3184,0.0873
25.3284,0.0976
25.3384,0.1073
25.3484,0.0543
25.3585,0.1098
25.3685,0.0633
25.3785,0.0695
25.3885,0.0916
25.3985,0.1016
25.4085,0.0766
25.4185,0.0872
25.4285,0.0916
25.4385,0.0851
25.4485,0.1007
25.4585,0.0841
25.4685,0.0860
25.4785,0.1150
25.4885,0.1085
25.4985,0.1128
25.5085,0.0819
25.5185,0.0933
25.5285,0.0962
25.5385,0.0923
25.5485,0.0937
25.5585,0.1127
25.5685,0.0713
25.5785,0.0806
25.5885,0.0951
25.5985,0.1099
25.6085,0.0675
25.6185,0.1129
25.6285,0.1504
25.6385,0.0646
25.6485,0.1034
25.6586,0.0604
25.6686,0.0821
25.6786,0.0856
25.6886,0.0952
25.6986,0.0964
25.7086,0.0798
25.7186,0.0900
25.7286,0.0998
25.7386,0.0825
25.7486,0.1014
25.7586,0.1287
25.7686,0.1011
25.7786,0.0936
25.7886,0.0971
25.7986,0.0954
25.8086,0.0797
25.8186,0.1091
25.8286,0.0967
25.8386,0.0955
25.8486,0.1266
25.8586,0.1070
25.8686,0.0813
25.8786,0.1155
25.8886,0.0804
25.8986,0.0983
25.9086,0.0874
25.9186,0.0788
25.9286,0.1084
25.9386,0.1134
25.9486,0.1004
25.9587,0.1091
25.9687,0.0967
25.9787,0.1027
25.9887,0.1175
25.9987,0.0901
26.0087,0.1229
26.0187,0.1070
26.0287,0.1078
26.0387,0.0509
26.0487,0.0972
26.0587,0.0876
26.0687,0.1110
26.0787,0.0926
26.0887,0.1266
26.0987,0.1061
26.1087,0.0920
26.1187,0.1223
26.1287,0.0900
26.1387,0.0738
26.1487,0.0601
26.1587,0.0874
26.1687,0.0573
26.1787,0.0855
26.1887,0.0999
26.1987,0.1266
26.2087,0.1110
26.2187,0.1047
26.2287,0.1342
26.2387,0.0984
26.2487,0.0951
26.2588,0.0781
26.2688,0.0892
26.2788,0.1063
26.2888,0.1291
26.2988,0.0968
26.3088,0.1168
26.3188,0.0836
26.3288,0.0714
26.3388,0.0794
26.3488,0.1141
26.3588,0.0748
26.3688,0.0962
26.3788,0.1330
26.3888,0.0722
26.3988,0.1296
26.4088,0.1121
26.4188,0.0861
26.4288,0.1184
26.4388,0.1138
26.4488,0.0972
26.4588,0.0888
26.4688,0.1218
26.4788,0.1001
26.4888,0.1007
26.4988,0.1008
26.5088,0.0982
26.5188,0.0976
26.5288,0.0834
26.5388,0.0738
26.5488,0.1329
26.5589,0.1491
26.5689,0.1178
26.5789,0.1032
26.5889,0.0967
26.5989,0.0892
26.6089,0.1033
26.6189,0.1131
26.6289,0.1339
26.6389,0.0917
26.6489,0.1161
26.6589,0.1021
26.6689,0.1163
26.6789,0.0792
26.6889,0.1316
26.6989,0.1029
26.7089,0.0736
26.7189,0.0893
26.7289,0.1116
26.7389,0.1204
26.7489,0.0979
26.7589,0.0973
26.7689,0.1325
26.7789,0.1132
26.7889,0.0507
26.7989,0.1251
26.8089,0.0989
26.8189,0.0779
26.8289,0.0706
26.8389,0.0847
26.8489,0.0728
26.8590,0.0988
26.8690,0.1072
26.8790,0.0612
26.8890,0.1078
26.8990,0.0668
26.9090,0.0500
26.9190,0.0913
26.9290,0.0761
26.9390,0.1152
26.9490,0.0980
26.9590,0.0983
26.9690,0.1062
26.9790,0.1179
26.9890,0.0847
26.9990,0.1328
27.0090,0.1078
27.0190,0.0782
27.0290,0.0766
27.0390,0.1300
27.0490,0.0954
27.0590,0.0616
27.0690,0.1070
27.0790,0.0992
27.0890,0.1143
27.0990,0.0754
27.1090,0.0901
27.1190,0.0964
27.1290,0.1214
27.1390,0.0961
27.1490,0.1245
27.1591,0.1000
27.1691,0.1157
27.1791,0.1092
27.1891,0.1041
27.1991,0.1105
27.2091,0.0865
27.2191,0.1143
27.2291,0.0928
27.2391,0.0582
27.2491,0.0888
27.2591,0.1097
27.2691,0.1199
27.2791,0.1113
27.2891,0.1005
27.2991,0.0927
27.3091,0.1077
27.3191,0.0853
27.3291,0.0889
27.3391,0.1053
27.3491,0.1101
27.3591,0.1409
27.3691,0.1331
27.3791,0.1132
27.3891,0.0965
27.3991,0.1123
27.4091,0.1003
27.4191,0.0724
27.4291,0.1174
27.4391,0.1117
27.4491,0.1140
27.4592,0.0949
27.4692,0.1405
27.4792,0.0876
27.4892,0.0855
27.4992,0.0970
27.5092,0.0740
27.5192,0.0946
27.5292,0.1197
27.5392,0.1041
27.5492,0.1210
27.5592,0.1349
27.5692,0.0762
27.5792,0.1028
27.5892,0.0998
27.5992,0.0965
27.6092,0.1016
27.6192,0.0972
27.6292,0.0988
27.6392,0.0864
27.6492,0.0890
27.6592,0.0694
27.6692,0.0979
27.6792,0.0605
27.6892,0.1289
27.6992,0.1011
27.7092,0.0941
27.7192,0.1177
27.7292,0.0854
27.7392,0.1235
27.7492,0.1167
27.7593,0.1409
27.7693,0.1052
27.7793,0.1117
27.7893,0.0668
27.7993,0.0524
27.8093,0.0839
27.8193,0.1075
27.8293,0.0976
27.8393,0.0794
27.8493,0.1102
27.8593,0.0929
27.8693,0.1422
27.8793,0.0987
27.8893,0.0957
27.8993,0.1100
27.9093,0.0681
27.9193,0.0915
27.9293,0.0812
27.9393,0.1315
27.9493,0.0958
27.9593,0.0887
27.9693,0.1036
27.9793,0.1109
27.9893,0.1114
27.9993,0.0734
28.0093,0.0929
28.0193,0.1204
28.0293,0.1209
28.0393,0.0987
28.0493,0.0714
28.0594,0.1029
28.0694,0.0971
28.0794,0.0962
28.0894,0.1379
28.0994,0.0994
28.1094,0.0669
28.1194,0.0745
28.1294,0.1082
28.1394,0.0901
28.1494,0.0973
28.1594,0.1096
28.1694,0.1261
28.1794,0.1207
28.1894,0.0988
28.1994,0.0968
28.2094,0.1033
28.2194,0.0748
28.2294,0.1028
28.2394,0.0867
28.2494,0.1274
28.2594,0.0962
28.2694,0.1061
28.2794,0.0694
28.2894,0.0956
28.2994,0.1135
28.3094,0.0583
28.3194,0.0578
28.3294,0.0906
28.3394,0.0727
28.3494,0.1191
28.3595,0.0764
28.3695,0.1131
28.3795,0.0863
28.3895,0.1084
28.3995,0.1359
28.4095,0.0795
28.4195,0.0888
28.4295,0.1105
28.4395,0.0903
28.4495,0.1443
28.4595,0.0882
28.4695,0.1384
28.4795,0.0946
28.4895,0.1312
28.4995,0.0998
28.5095,0.1142
28.5195,0.0644
28.5295,0.1016
28.5395,0.0899
28.5495,0.1065
28.5595,0.1108
28.5695,0.1302
28.5795,0.1092
28.5895,0.0723
28.5995,0.1532
28.6095,0.1322
28.6195,0.1123
28.6295,0.0891
28.6395,0.1174
28.6495,0.1025
28.6596,0.0690
28.6696,0.0778
28.6796,0.1119
28.6896,0.0962
28.6996,0.1074
28.7096,0.1263
28.7196,0.0944
28.7296,0.0957
28.7396,0.0791
28.7496,0.0850
28.7596,0.0770
28.7696,0.0857
28.7796,0.0975
28.7896,0.1012
28.7996,0.0664
28.8096,0.0726
28.8196,0.1172
28.8296,0.0852
28.8396,0.1244
28.8496,0.1052
28.8596,0.1157
28.8696,0.1225
28.8796,0.0643
28.8896,0.1140
28.8996,0.1546
28.9096,0.1219
28.9196,0.0788
28.9296,0.0925
28.9396,0.1063
28.9496,0.0730
28.9597,0.1001
28.9697,0.0995
28.9797,0.1177
28.9897,0.1148
28.9997,0.0555
29.0097,0.1001
29.0197,0.0831
29.0297,0.0865
29.0397,0.0817
29.0497,0.0860
29.0597,0.0807
29.0697,0.1147
29.0797,0.0834
29.0897,0.0971
29.0997,0.1375
29.1097,0.0926
29.1197,0.0991
29.1297,0.0978
29.1397,0.0994
29.1497,0.0596
29.1597,0.0789
29.1697,0.1287
29.1797,0.1284
29.1897,0.1133
29.1997,0.0576
29.2097,0.1160
29.2197,0.1015
29.2297,0.1157
29.2397,0.1016
29.2497,0.0868
29.2598,0.0784
29.2698,0.0999
29.2798,0.0824
29.2898,0.0916
29.2998,0.0840
29.3098,0.1089
29.3198,0.1056
29.3298,0.1197
29.3398,0.1157
29.3498,0.0751
29.3598,0.0608
29.3698,0.1077
29.3798,0.0797
29.3898,0.1427
29.3998,0.1173
29.4098,0.1028
29.4198,0.0780
29.4298,0.0508
29.4398,0.1280
29.4498,0.0710
29.4598,0.0785
29.4698,0.1291
29.4798,0.1002
29.4898,0.1116
29.4998,0.0744
29.5098,0.1088
29.5198,0.1155
29.5298,0.1072
29.5398,0.1323
29.5498,0.1032
29.5599,0.1022
29.5699,0.1111
29.5799,0.0800
29.5899,0.0930
29.5999,0.1047
29.6099,0.0795
29.6199,0.1087
29.6299,0.1002
29.6399,0.0572
29.6499,0.1279
29.6599,0.1220
29.6699,0.0944
29.6799,0.1286
29.6899,0.0843
29.6999,0.1229
29.7099,0.1062
29.7199,0.0743
29.7299,0.0855
29.7399,0.1056
29.7499,0.0854
29.7599,0.0862
29.7699,0.0978
29.7799,0.1145
29.7899,0.1099
29.7999,0.1250
29.8099,0.0751
29.8199,0.1065
29.8299,0.1053
29.8399,0.0923
29.8499,0.0754
29.8600,0.0878
29.8700,0.0519
29.8800,0.0720
29.8900,0.1113
29.9000,0.0889
29.9100,0.1438
29.9200,0.0718
29.9300,0.1008
29.9400,0.1171
29.9500,0.0931
29.9600,0.1000
29.9700,0.1529
29.9800,0.0832
29.9900,0.0916
30.0000,0.0797
